ApplicationNumber;is_SSH;is_MINT;is_LS
169975;0,000000000000000;0,000000000000000;1,000000000000000
156172;1,000000000000000;0,000000000000000;0,000000000000000
159662;1,000000000000000;0,000000000000000;0,000000000000000
153928;0,000000000000000;1,000000000000000;0,000000000000000
152543;1,000000000000000;0,000000000000000;0,000000000000000
190376;0,142857142857143;0,428571428571429;0,428571428571429
157627;0,000000000000000;1,000000000000000;0,000000000000000
169620;0,000000000000000;1,000000000000000;0,000000000000000
169704;0,000000000000000;1,000000000000000;0,000000000000000
195707;0,500000000000000;0,500000000000000;0,000000000000000
199748;0,000000000000000;1,000000000000000;0,000000000000000
170167;0,000000000000000;0,200000000000000;0,800000000000000
188140;0,000000000000000;0,000000000000000;1,000000000000000
190713;1,000000000000000;0,000000000000000;0,000000000000000
195863;0,000000000000000;1,000000000000000;0,000000000000000
159936;0,000000000000000;1,000000000000000;0,000000000000000
163088;0,000000000000000;0,000000000000000;1,000000000000000
184062;0,000000000000000;1,000000000000000;0,000000000000000
182404;0,000000000000000;0,000000000000000;1,000000000000000
165669;0,000000000000000;0,800000000000000;0,200000000000000
186720;0,000000000000000;1,000000000000000;0,000000000000000
181248;0,142857142857143;0,000000000000000;0,857142857142857
176977;0,000000000000000;0,000000000000000;1,000000000000000
182126;1,000000000000000;0,000000000000000;0,000000000000000
188478;0,000000000000000;1,000000000000000;0,000000000000000
178621;0,000000000000000;1,000000000000000;0,000000000000000
161573;0,000000000000000;1,000000000000000;0,000000000000000
172982;0,666666666666667;0,000000000000000;0,333333333333333
183830;0,000000000000000;0,500000000000000;0,500000000000000
170269;0,000000000000000;0,500000000000000;0,500000000000000
162758;0,333333333333333;0,333333333333333;0,333333333333333
178414;0,000000000000000;1,000000000000000;0,000000000000000
199755;0,000000000000000;0,000000000000000;1,000000000000000
154802;0,000000000000000;1,000000000000000;0,000000000000000
169241;0,000000000000000;1,000000000000000;0,000000000000000
182779;0,000000000000000;0,500000000000000;0,500000000000000
169277;0,500000000000000;0,000000000000000;0,500000000000000
199553;1,000000000000000;0,000000000000000;0,000000000000000
172472;0,000000000000000;1,000000000000000;0,000000000000000
172033;0,000000000000000;0,200000000000000;0,800000000000000
170479;1,000000000000000;0,000000000000000;0,000000000000000
166228;1,000000000000000;0,000000000000000;0,000000000000000
159227;0,000000000000000;1,000000000000000;0,000000000000000
202245;0,000000000000000;0,500000000000000;0,500000000000000
160719;0,000000000000000;0,000000000000000;1,000000000000000
176233;0,000000000000000;0,000000000000000;1,000000000000000
170453;1,000000000000000;0,000000000000000;0,000000000000000
166349;0,000000000000000;0,000000000000000;1,000000000000000
174396;1,000000000000000;0,000000000000000;0,000000000000000
190288;0,000000000000000;0,000000000000000;1,000000000000000
190659;0,500000000000000;0,500000000000000;0,000000000000000
175989;1,000000000000000;0,000000000000000;0,000000000000000
163946;0,000000000000000;0,000000000000000;1,000000000000000
185692;0,000000000000000;1,000000000000000;0,000000000000000
174032;0,000000000000000;0,000000000000000;1,000000000000000
165791;0,000000000000000;1,000000000000000;0,000000000000000
182417;0,000000000000000;0,000000000000000;1,000000000000000
176917;0,000000000000000;1,000000000000000;0,000000000000000
181974;0,000000000000000;1,000000000000000;0,000000000000000
173124;0,000000000000000;0,000000000000000;1,000000000000000
175720;0,000000000000000;1,000000000000000;0,000000000000000
185872;0,000000000000000;0,400000000000000;0,600000000000000
162732;0,000000000000000;0,000000000000000;1,000000000000000
173973;0,500000000000000;0,500000000000000;0,000000000000000
190823;0,000000000000000;1,000000000000000;0,000000000000000
159519;0,000000000000000;0,000000000000000;1,000000000000000
181590;0,000000000000000;0,000000000000000;1,000000000000000
170969;0,000000000000000;0,333333333333333;0,666666666666667
173335;0,000000000000000;0,000000000000000;1,000000000000000
190711;0,000000000000000;0,500000000000000;0,500000000000000
180789;0,000000000000000;1,000000000000000;0,000000000000000
155940;0,000000000000000;0,000000000000000;1,000000000000000
163223;0,000000000000000;0,500000000000000;0,500000000000000
172292;0,000000000000000;0,666666666666667;0,333333333333333
190883;0,333333333333333;0,000000000000000;0,666666666666667
200207;0,500000000000000;0,500000000000000;0,000000000000000
186862;0,000000000000000;0,250000000000000;0,750000000000000
195938;0,000000000000000;0,500000000000000;0,500000000000000
177164;0,000000000000000;0,000000000000000;1,000000000000000
176321;0,000000000000000;0,000000000000000;1,000000000000000
179842;0,666666666666667;0,000000000000000;0,333333333333333
182972;0,000000000000000;0,600000000000000;0,400000000000000
181115;0,000000000000000;0,500000000000000;0,500000000000000
183246;1,000000000000000;0,000000000000000;0,000000000000000
187012;0,000000000000000;0,000000000000000;1,000000000000000
169354;0,000000000000000;0,000000000000000;1,000000000000000
172383;0,500000000000000;0,500000000000000;0,000000000000000
190895;0,000000000000000;0,000000000000000;1,000000000000000
187938;0,000000000000000;0,000000000000000;1,000000000000000
184813;0,000000000000000;0,000000000000000;1,000000000000000
173096;1,000000000000000;0,000000000000000;0,000000000000000
172969;0,000000000000000;0,000000000000000;1,000000000000000
186390;0,000000000000000;1,000000000000000;0,000000000000000
173169;0,000000000000000;0,333333333333333;0,666666666666667
167116;0,000000000000000;0,250000000000000;0,750000000000000
177179;0,000000000000000;0,333333333333333;0,666666666666667
162482;1,000000000000000;0,000000000000000;0,000000000000000
172916;0,000000000000000;0,250000000000000;0,750000000000000
184263;0,000000000000000;1,000000000000000;0,000000000000000
172950;0,000000000000000;0,500000000000000;0,500000000000000
179134;0,000000000000000;1,000000000000000;0,000000000000000
183725;0,000000000000000;0,000000000000000;1,000000000000000
172733;1,000000000000000;0,000000000000000;0,000000000000000
156244;0,000000000000000;1,000000000000000;0,000000000000000
179743;0,000000000000000;0,000000000000000;1,000000000000000
175293;0,000000000000000;0,000000000000000;1,000000000000000
179014;0,000000000000000;1,000000000000000;0,000000000000000
182369;0,000000000000000;0,500000000000000;0,500000000000000
190364;0,000000000000000;0,000000000000000;1,000000000000000
175978;0,000000000000000;0,500000000000000;0,500000000000000
182160;1,000000000000000;0,000000000000000;0,000000000000000
172550;0,000000000000000;1,000000000000000;0,000000000000000
194492;0,000000000000000;0,000000000000000;1,000000000000000
166764;0,454545454545455;0,272727272727273;0,272727272727273
190585;0,500000000000000;0,500000000000000;0,000000000000000
170683;0,000000000000000;0,000000000000000;1,000000000000000
169883;1,000000000000000;0,000000000000000;0,000000000000000
166594;0,000000000000000;0,000000000000000;1,000000000000000
175128;0,000000000000000;0,200000000000000;0,800000000000000
179776;0,000000000000000;0,000000000000000;1,000000000000000
191208;0,000000000000000;0,500000000000000;0,500000000000000
179167;0,000000000000000;0,000000000000000;1,000000000000000
181037;0,000000000000000;0,000000000000000;1,000000000000000
177861;0,000000000000000;0,000000000000000;1,000000000000000
157488;0,000000000000000;0,000000000000000;1,000000000000000
176398;0,000000000000000;0,000000000000000;1,000000000000000
187429;0,500000000000000;0,250000000000000;0,250000000000000
171188;1,000000000000000;0,000000000000000;0,000000000000000
176130;0,000000000000000;0,000000000000000;1,000000000000000
190476;0,000000000000000;0,000000000000000;1,000000000000000
162502;0,000000000000000;1,000000000000000;0,000000000000000
170415;0,000000000000000;1,000000000000000;0,000000000000000
170976;0,000000000000000;0,250000000000000;0,750000000000000
181383;0,500000000000000;0,000000000000000;0,500000000000000
183915;0,000000000000000;0,000000000000000;1,000000000000000
202019;0,000000000000000;0,333333333333333;0,666666666666667
160195;0,000000000000000;0,000000000000000;1,000000000000000
203884;0,666666666666667;0,333333333333333;0,000000000000000
169258;0,000000000000000;1,000000000000000;0,000000000000000
174428;1,000000000000000;0,000000000000000;0,000000000000000
190414;0,000000000000000;0,000000000000000;1,000000000000000
175075;0,000000000000000;0,000000000000000;1,000000000000000
169318;0,000000000000000;1,000000000000000;0,000000000000000
175162;0,000000000000000;1,000000000000000;0,000000000000000
172805;0,000000000000000;1,000000000000000;0,000000000000000
179030;1,000000000000000;0,000000000000000;0,000000000000000
175192;0,000000000000000;0,000000000000000;1,000000000000000
173635;0,250000000000000;0,750000000000000;0,000000000000000
174068;0,000000000000000;0,000000000000000;1,000000000000000
165559;0,000000000000000;1,000000000000000;0,000000000000000
165843;0,000000000000000;1,000000000000000;0,000000000000000
188615;0,000000000000000;1,000000000000000;0,000000000000000
182471;0,000000000000000;0,000000000000000;1,000000000000000
182374;0,000000000000000;0,500000000000000;0,500000000000000
160004;0,000000000000000;0,000000000000000;1,000000000000000
175477;0,000000000000000;1,000000000000000;0,000000000000000
162647;1,000000000000000;0,000000000000000;0,000000000000000
173981;0,000000000000000;0,200000000000000;0,800000000000000
190619;0,000000000000000;1,000000000000000;0,000000000000000
159289;0,333333333333333;0,333333333333333;0,333333333333333
171598;0,500000000000000;0,000000000000000;0,500000000000000
162894;1,000000000000000;0,000000000000000;0,000000000000000
166053;0,000000000000000;0,250000000000000;0,750000000000000
173961;0,000000000000000;0,000000000000000;1,000000000000000
167331;0,000000000000000;0,200000000000000;0,800000000000000
172553;0,000000000000000;1,000000000000000;0,000000000000000
183135;1,000000000000000;0,000000000000000;0,000000000000000
160906;0,000000000000000;1,000000000000000;0,000000000000000
179477;0,000000000000000;0,000000000000000;1,000000000000000
182003;0,000000000000000;0,200000000000000;0,800000000000000
173171;0,000000000000000;0,000000000000000;1,000000000000000
199845;0,000000000000000;1,000000000000000;0,000000000000000
183945;0,000000000000000;1,000000000000000;0,000000000000000
168574;0,400000000000000;0,200000000000000;0,400000000000000
197405;1,000000000000000;0,000000000000000;0,000000000000000
175643;0,000000000000000;0,000000000000000;1,000000000000000
187857;1,000000000000000;0,000000000000000;0,000000000000000
149585;0,000000000000000;0,000000000000000;1,000000000000000
181238;0,000000000000000;0,000000000000000;1,000000000000000
195484;0,000000000000000;1,000000000000000;0,000000000000000
163206;0,000000000000000;1,000000000000000;0,000000000000000
173152;0,000000000000000;0,000000000000000;1,000000000000000
173008;0,000000000000000;0,000000000000000;1,000000000000000
179876;0,000000000000000;1,000000000000000;0,000000000000000
188028;0,000000000000000;1,000000000000000;0,000000000000000
165618;1,000000000000000;0,000000000000000;0,000000000000000
178317;1,000000000000000;0,000000000000000;0,000000000000000
188967;0,500000000000000;0,500000000000000;0,000000000000000
186733;0,000000000000000;0,000000000000000;1,000000000000000
172933;1,000000000000000;0,000000000000000;0,000000000000000
179553;0,000000000000000;0,000000000000000;1,000000000000000
162279;0,000000000000000;1,000000000000000;0,000000000000000
170442;1,000000000000000;0,000000000000000;0,000000000000000
172206;0,000000000000000;1,000000000000000;0,000000000000000
180870;0,000000000000000;0,000000000000000;1,000000000000000
159370;1,000000000000000;0,000000000000000;0,000000000000000
165494;0,000000000000000;1,000000000000000;0,000000000000000
156098;0,000000000000000;1,000000000000000;0,000000000000000
190132;0,500000000000000;0,500000000000000;0,000000000000000
191480;0,000000000000000;1,000000000000000;0,000000000000000
169503;0,000000000000000;1,000000000000000;0,000000000000000
180796;0,000000000000000;1,000000000000000;0,000000000000000
172430;1,000000000000000;0,000000000000000;0,000000000000000
160877;0,000000000000000;0,000000000000000;1,000000000000000
172293;0,000000000000000;0,333333333333333;0,666666666666667
169791;0,000000000000000;0,000000000000000;1,000000000000000
156320;0,000000000000000;0,333333333333333;0,666666666666667
160066;0,000000000000000;1,000000000000000;0,000000000000000
159897;0,000000000000000;1,000000000000000;0,000000000000000
170645;0,000000000000000;0,000000000000000;1,000000000000000
154275;0,000000000000000;1,000000000000000;0,000000000000000
172909;0,000000000000000;0,000000000000000;1,000000000000000
175953;0,000000000000000;0,000000000000000;1,000000000000000
175898;0,000000000000000;1,000000000000000;0,000000000000000
180933;0,000000000000000;1,000000000000000;0,000000000000000
156294;0,000000000000000;0,000000000000000;1,000000000000000
187632;0,600000000000000;0,000000000000000;0,400000000000000
173059;0,000000000000000;0,000000000000000;1,000000000000000
162807;0,000000000000000;1,000000000000000;0,000000000000000
172975;0,000000000000000;0,000000000000000;1,000000000000000
176271;0,000000000000000;0,250000000000000;0,750000000000000
195191;0,000000000000000;0,000000000000000;1,000000000000000
178542;0,000000000000000;1,000000000000000;0,000000000000000
172233;0,000000000000000;0,000000000000000;1,000000000000000
185880;0,000000000000000;0,000000000000000;1,000000000000000
165546;0,000000000000000;1,000000000000000;0,000000000000000
165852;0,000000000000000;1,000000000000000;0,000000000000000
176165;0,000000000000000;0,000000000000000;1,000000000000000
172851;0,000000000000000;1,000000000000000;0,000000000000000
153564;0,000000000000000;0,500000000000000;0,500000000000000
178489;0,000000000000000;0,000000000000000;1,000000000000000
176222;0,000000000000000;0,666666666666667;0,333333333333333
156970;1,000000000000000;0,000000000000000;0,000000000000000
153942;0,000000000000000;1,000000000000000;0,000000000000000
166110;0,000000000000000;1,000000000000000;0,000000000000000
162619;1,000000000000000;0,000000000000000;0,000000000000000
168104;1,000000000000000;0,000000000000000;0,000000000000000
178367;1,000000000000000;0,000000000000000;0,000000000000000
172451;0,500000000000000;0,500000000000000;0,000000000000000
190636;0,500000000000000;0,000000000000000;0,500000000000000
170684;0,000000000000000;1,000000000000000;0,000000000000000
179809;1,000000000000000;0,000000000000000;0,000000000000000
193799;0,000000000000000;1,000000000000000;0,000000000000000
169598;0,000000000000000;1,000000000000000;0,000000000000000
199307;0,000000000000000;1,000000000000000;0,000000000000000
180040;1,000000000000000;0,000000000000000;0,000000000000000
179323;0,000000000000000;0,000000000000000;1,000000000000000
179144;0,000000000000000;0,333333333333333;0,666666666666667
188270;0,000000000000000;0,000000000000000;1,000000000000000
166258;0,250000000000000;0,000000000000000;0,750000000000000
172453;0,333333333333333;0,666666666666667;0,000000000000000
166654;0,000000000000000;0,200000000000000;0,800000000000000
156383;1,000000000000000;0,000000000000000;0,000000000000000
184408;0,000000000000000;1,000000000000000;0,000000000000000
178972;0,200000000000000;0,800000000000000;0,000000000000000
182332;0,000000000000000;0,000000000000000;1,000000000000000
162448;0,000000000000000;1,000000000000000;0,000000000000000
181320;1,000000000000000;0,000000000000000;0,000000000000000
179487;0,000000000000000;0,000000000000000;1,000000000000000
172900;0,000000000000000;0,000000000000000;1,000000000000000
179431;0,000000000000000;0,600000000000000;0,400000000000000
172988;0,000000000000000;0,000000000000000;1,000000000000000
185052;0,000000000000000;1,000000000000000;0,000000000000000
170463;1,000000000000000;0,000000000000000;0,000000000000000
181930;0,500000000000000;0,500000000000000;0,000000000000000
183844;0,000000000000000;1,000000000000000;0,000000000000000
166330;0,000000000000000;0,250000000000000;0,750000000000000
172402;0,000000000000000;1,000000000000000;0,000000000000000
183930;0,000000000000000;0,000000000000000;1,000000000000000
196752;0,000000000000000;0,500000000000000;0,500000000000000
182176;0,000000000000000;0,500000000000000;0,500000000000000
146314;0,600000000000000;0,400000000000000;0,000000000000000
183998;0,000000000000000;1,000000000000000;0,000000000000000
186410;0,000000000000000;0,500000000000000;0,500000000000000
172703;0,500000000000000;0,500000000000000;0,000000000000000
160163;0,000000000000000;0,000000000000000;1,000000000000000
183929;0,000000000000000;1,000000000000000;0,000000000000000
191797;0,000000000000000;0,000000000000000;1,000000000000000
179887;0,000000000000000;0,500000000000000;0,500000000000000
163103;0,000000000000000;1,000000000000000;0,000000000000000
159958;0,000000000000000;0,500000000000000;0,500000000000000
168836;0,000000000000000;1,000000000000000;0,000000000000000
196861;0,000000000000000;0,000000000000000;1,000000000000000
174101;0,000000000000000;1,000000000000000;0,000000000000000
161210;0,333333333333333;0,000000000000000;0,666666666666667
178895;0,000000000000000;1,000000000000000;0,000000000000000
174144;0,000000000000000;0,333333333333333;0,666666666666667
184869;1,000000000000000;0,000000000000000;0,000000000000000
173157;0,000000000000000;0,000000000000000;1,000000000000000
159871;0,000000000000000;0,000000000000000;1,000000000000000
177405;1,000000000000000;0,000000000000000;0,000000000000000
175513;0,000000000000000;1,000000000000000;0,000000000000000
163661;0,000000000000000;0,600000000000000;0,400000000000000
178131;0,000000000000000;0,750000000000000;0,250000000000000
182453;0,000000000000000;0,000000000000000;1,000000000000000
190328;0,000000000000000;0,714285714285714;0,285714285714286
196567;1,000000000000000;0,000000000000000;0,000000000000000
185105;1,000000000000000;0,000000000000000;0,000000000000000
184906;1,000000000000000;0,000000000000000;0,000000000000000
178698;1,000000000000000;0,000000000000000;0,000000000000000
172665;0,500000000000000;0,500000000000000;0,000000000000000
178847;0,000000000000000;1,000000000000000;0,000000000000000
190580;0,000000000000000;1,000000000000000;0,000000000000000
170515;0,285714285714286;0,142857142857143;0,571428571428571
172395;1,000000000000000;0,000000000000000;0,000000000000000
181781;1,000000000000000;0,000000000000000;0,000000000000000
181083;1,000000000000000;0,000000000000000;0,000000000000000
163086;0,000000000000000;0,000000000000000;1,000000000000000
164890;1,000000000000000;0,000000000000000;0,000000000000000
175166;0,000000000000000;0,500000000000000;0,500000000000000
174085;1,000000000000000;0,000000000000000;0,000000000000000
156265;0,000000000000000;0,000000000000000;1,000000000000000
168083;0,000000000000000;1,000000000000000;0,000000000000000
171540;0,000000000000000;0,250000000000000;0,750000000000000
188112;0,000000000000000;0,000000000000000;1,000000000000000
179964;0,000000000000000;1,000000000000000;0,000000000000000
173056;0,000000000000000;0,000000000000000;1,000000000000000
153711;0,666666666666667;0,333333333333333;0,000000000000000
190547;0,000000000000000;0,500000000000000;0,500000000000000
170996;1,000000000000000;0,000000000000000;0,000000000000000
179095;0,500000000000000;0,500000000000000;0,000000000000000
159304;1,000000000000000;0,000000000000000;0,000000000000000
169424;0,000000000000000;1,000000000000000;0,000000000000000
196453;0,000000000000000;1,000000000000000;0,000000000000000
154269;0,000000000000000;1,000000000000000;0,000000000000000
182667;0,000000000000000;1,000000000000000;0,000000000000000
144857;0,000000000000000;0,000000000000000;1,000000000000000
167133;0,000000000000000;0,000000000000000;1,000000000000000
182588;1,000000000000000;0,000000000000000;0,000000000000000
166060;1,000000000000000;0,000000000000000;0,000000000000000
159500;0,000000000000000;0,000000000000000;1,000000000000000
179138;0,000000000000000;1,000000000000000;0,000000000000000
167318;1,000000000000000;0,000000000000000;0,000000000000000
159600;0,000000000000000;0,000000000000000;1,000000000000000
198418;0,000000000000000;0,000000000000000;1,000000000000000
163800;0,000000000000000;0,333333333333333;0,666666666666667
154714;0,000000000000000;0,000000000000000;1,000000000000000
160200;0,000000000000000;0,000000000000000;1,000000000000000
184934;0,000000000000000;0,000000000000000;1,000000000000000
175830;0,000000000000000;0,000000000000000;1,000000000000000
153727;1,000000000000000;0,000000000000000;0,000000000000000
150714;0,000000000000000;0,000000000000000;1,000000000000000
166206;0,000000000000000;0,000000000000000;1,000000000000000
188457;0,000000000000000;1,000000000000000;0,000000000000000
179146;0,000000000000000;1,000000000000000;0,000000000000000
169368;1,000000000000000;0,000000000000000;0,000000000000000
156029;0,000000000000000;0,000000000000000;1,000000000000000
190584;0,000000000000000;1,000000000000000;0,000000000000000
176124;0,000000000000000;0,000000000000000;1,000000000000000
179418;0,000000000000000;0,000000000000000;1,000000000000000
178482;0,000000000000000;0,000000000000000;1,000000000000000
190865;0,000000000000000;0,000000000000000;1,000000000000000
150296;1,000000000000000;0,000000000000000;0,000000000000000
174040;0,000000000000000;0,500000000000000;0,500000000000000
172538;0,000000000000000;1,000000000000000;0,000000000000000
179703;0,000000000000000;1,000000000000000;0,000000000000000
172627;0,000000000000000;1,000000000000000;0,000000000000000
190882;0,000000000000000;0,500000000000000;0,500000000000000
173183;0,000000000000000;0,000000000000000;1,000000000000000
200136;1,000000000000000;0,000000000000000;0,000000000000000
179222;1,000000000000000;0,000000000000000;0,000000000000000
180043;0,000000000000000;1,000000000000000;0,000000000000000
179325;0,000000000000000;0,000000000000000;1,000000000000000
179417;0,000000000000000;0,000000000000000;1,000000000000000
153304;0,000000000000000;1,000000000000000;0,000000000000000
177587;0,250000000000000;0,500000000000000;0,250000000000000
186654;1,000000000000000;0,000000000000000;0,000000000000000
178758;0,000000000000000;1,000000000000000;0,000000000000000
159254;0,000000000000000;1,000000000000000;0,000000000000000
180316;0,000000000000000;0,500000000000000;0,500000000000000
178653;0,000000000000000;1,000000000000000;0,000000000000000
178992;1,000000000000000;0,000000000000000;0,000000000000000
174754;0,500000000000000;0,500000000000000;0,000000000000000
172506;0,000000000000000;1,000000000000000;0,000000000000000
194473;0,000000000000000;0,000000000000000;1,000000000000000
166470;0,000000000000000;0,000000000000000;1,000000000000000
169017;0,000000000000000;1,000000000000000;0,000000000000000
204651;0,000000000000000;0,666666666666667;0,333333333333333
169906;0,000000000000000;1,000000000000000;0,000000000000000
159161;1,000000000000000;0,000000000000000;0,000000000000000
176005;0,000000000000000;0,666666666666667;0,333333333333333
172493;0,000000000000000;1,000000000000000;0,000000000000000
166476;0,000000000000000;0,000000000000000;1,000000000000000
178209;0,500000000000000;0,500000000000000;0,000000000000000
153523;0,000000000000000;0,400000000000000;0,600000000000000
182105;0,000000000000000;0,000000000000000;1,000000000000000
184521;0,000000000000000;1,000000000000000;0,000000000000000
169302;1,000000000000000;0,000000000000000;0,000000000000000
185533;0,000000000000000;0,000000000000000;1,000000000000000
179541;0,000000000000000;0,000000000000000;1,000000000000000
184382;0,000000000000000;1,000000000000000;0,000000000000000
169507;0,666666666666667;0,333333333333333;0,000000000000000
171026;0,000000000000000;0,750000000000000;0,250000000000000
189407;1,000000000000000;0,000000000000000;0,000000000000000
178790;0,000000000000000;1,000000000000000;0,000000000000000
191678;0,000000000000000;1,000000000000000;0,000000000000000
177789;0,000000000000000;0,500000000000000;0,500000000000000
182016;0,000000000000000;0,500000000000000;0,500000000000000
157789;0,666666666666667;0,333333333333333;0,000000000000000
186681;0,000000000000000;1,000000000000000;0,000000000000000
162299;0,250000000000000;0,250000000000000;0,500000000000000
179587;0,000000000000000;0,000000000000000;1,000000000000000
187199;0,000000000000000;1,000000000000000;0,000000000000000
176978;1,000000000000000;0,000000000000000;0,000000000000000
180822;0,000000000000000;0,500000000000000;0,500000000000000
172464;0,000000000000000;0,500000000000000;0,500000000000000
181111;1,000000000000000;0,000000000000000;0,000000000000000
185388;0,000000000000000;0,000000000000000;1,000000000000000
166663;0,000000000000000;0,000000000000000;1,000000000000000
159402;1,000000000000000;0,000000000000000;0,000000000000000
164207;0,000000000000000;0,000000000000000;1,000000000000000
190071;1,000000000000000;0,000000000000000;0,000000000000000
172962;0,000000000000000;0,000000000000000;1,000000000000000
190467;0,000000000000000;1,000000000000000;0,000000000000000
176177;0,000000000000000;0,000000000000000;1,000000000000000
175570;0,000000000000000;0,000000000000000;1,000000000000000
159577;0,000000000000000;1,000000000000000;0,000000000000000
171562;0,000000000000000;0,000000000000000;1,000000000000000
170213;0,000000000000000;0,000000000000000;1,000000000000000
184251;0,000000000000000;1,000000000000000;0,000000000000000
179435;0,000000000000000;0,000000000000000;1,000000000000000
169930;0,000000000000000;0,000000000000000;1,000000000000000
186033;0,500000000000000;0,500000000000000;0,000000000000000
150640;0,000000000000000;0,750000000000000;0,250000000000000
180340;1,000000000000000;0,000000000000000;0,000000000000000
176956;0,000000000000000;0,000000000000000;1,000000000000000
170079;0,000000000000000;0,000000000000000;1,000000000000000
154060;0,000000000000000;1,000000000000000;0,000000000000000
163447;0,000000000000000;0,000000000000000;1,000000000000000
170664;0,000000000000000;0,250000000000000;0,750000000000000
179150;0,000000000000000;1,000000000000000;0,000000000000000
190070;1,000000000000000;0,000000000000000;0,000000000000000
182690;0,000000000000000;0,000000000000000;1,000000000000000
186834;0,500000000000000;0,500000000000000;0,000000000000000
157040;0,000000000000000;0,600000000000000;0,400000000000000
163258;0,000000000000000;0,000000000000000;1,000000000000000
188599;0,000000000000000;1,000000000000000;0,000000000000000
193240;0,000000000000000;0,000000000000000;1,000000000000000
166253;0,000000000000000;1,000000000000000;0,000000000000000
149661;0,000000000000000;1,000000000000000;0,000000000000000
163063;0,000000000000000;0,000000000000000;1,000000000000000
166527;0,000000000000000;0,333333333333333;0,666666666666667
165694;0,000000000000000;1,000000000000000;0,000000000000000
156569;0,500000000000000;0,500000000000000;0,000000000000000
179813;0,000000000000000;0,000000000000000;1,000000000000000
176056;0,000000000000000;0,000000000000000;1,000000000000000
183223;1,000000000000000;0,000000000000000;0,000000000000000
186770;0,000000000000000;0,000000000000000;1,000000000000000
196500;0,200000000000000;0,000000000000000;0,800000000000000
193612;0,000000000000000;0,000000000000000;1,000000000000000
202985;1,000000000000000;0,000000000000000;0,000000000000000
179260;0,000000000000000;0,000000000000000;1,000000000000000
190613;0,000000000000000;1,000000000000000;0,000000000000000
165869;0,000000000000000;1,000000000000000;0,000000000000000
156581;0,000000000000000;1,000000000000000;0,000000000000000
163435;0,000000000000000;0,000000000000000;1,000000000000000
182592;0,000000000000000;0,000000000000000;1,000000000000000
187149;0,000000000000000;1,000000000000000;0,000000000000000
163966;0,000000000000000;0,333333333333333;0,666666666666667
182625;0,000000000000000;0,000000000000000;1,000000000000000
179061;0,000000000000000;0,666666666666667;0,333333333333333
153498;0,000000000000000;1,000000000000000;0,000000000000000
179186;0,500000000000000;0,500000000000000;0,000000000000000
169329;0,000000000000000;1,000000000000000;0,000000000000000
171170;0,000000000000000;1,000000000000000;0,000000000000000
188235;1,000000000000000;0,000000000000000;0,000000000000000
184781;0,000000000000000;0,000000000000000;1,000000000000000
157117;1,000000000000000;0,000000000000000;0,000000000000000
180319;0,400000000000000;0,400000000000000;0,200000000000000
172887;0,000000000000000;0,000000000000000;1,000000000000000
169381;0,000000000000000;0,000000000000000;1,000000000000000
183061;0,500000000000000;0,500000000000000;0,000000000000000
157424;0,500000000000000;0,000000000000000;0,500000000000000
170529;0,000000000000000;1,000000000000000;0,000000000000000
175919;0,000000000000000;1,000000000000000;0,000000000000000
150663;0,000000000000000;0,000000000000000;1,000000000000000
172795;1,000000000000000;0,000000000000000;0,000000000000000
191725;0,000000000000000;0,000000000000000;1,000000000000000
179755;1,000000000000000;0,000000000000000;0,000000000000000
188408;0,500000000000000;0,000000000000000;0,500000000000000
165233;1,000000000000000;0,000000000000000;0,000000000000000
153331;0,000000000000000;0,000000000000000;1,000000000000000
180059;1,000000000000000;0,000000000000000;0,000000000000000
164056;0,333333333333333;0,666666666666667;0,000000000000000
172366;0,500000000000000;0,500000000000000;0,000000000000000
162754;0,000000000000000;0,500000000000000;0,500000000000000
173650;1,000000000000000;0,000000000000000;0,000000000000000
172606;0,000000000000000;1,000000000000000;0,000000000000000
155852;0,000000000000000;0,000000000000000;1,000000000000000
188724;0,000000000000000;1,000000000000000;0,000000000000000
172740;0,333333333333333;0,333333333333333;0,333333333333333
173863;0,000000000000000;0,400000000000000;0,600000000000000
190264;1,000000000000000;0,000000000000000;0,000000000000000
190638;0,000000000000000;0,000000000000000;1,000000000000000
183897;0,000000000000000;0,000000000000000;1,000000000000000
166304;0,000000000000000;1,000000000000000;0,000000000000000
178372;0,000000000000000;0,000000000000000;1,000000000000000
183579;0,000000000000000;1,000000000000000;0,000000000000000
177255;0,000000000000000;1,000000000000000;0,000000000000000
189924;0,000000000000000;1,000000000000000;0,000000000000000
161224;1,000000000000000;0,000000000000000;0,000000000000000
177915;0,000000000000000;0,000000000000000;1,000000000000000
144828;0,000000000000000;0,000000000000000;1,000000000000000
176378;1,000000000000000;0,000000000000000;0,000000000000000
175841;0,000000000000000;0,166666666666667;0,833333333333333
157859;0,000000000000000;0,000000000000000;1,000000000000000
179400;0,000000000000000;0,000000000000000;1,000000000000000
169630;0,000000000000000;1,000000000000000;0,000000000000000
171175;1,000000000000000;0,000000000000000;0,000000000000000
177479;0,000000000000000;1,000000000000000;0,000000000000000
190377;0,600000000000000;0,200000000000000;0,200000000000000
159379;1,000000000000000;0,000000000000000;0,000000000000000
162370;1,000000000000000;0,000000000000000;0,000000000000000
190805;0,000000000000000;1,000000000000000;0,000000000000000
167125;0,000000000000000;0,000000000000000;1,000000000000000
162722;0,000000000000000;0,600000000000000;0,400000000000000
162521;0,000000000000000;0,500000000000000;0,500000000000000
190171;1,000000000000000;0,000000000000000;0,000000000000000
178753;0,000000000000000;0,333333333333333;0,666666666666667
193277;1,000000000000000;0,000000000000000;0,000000000000000
180552;0,000000000000000;0,000000000000000;1,000000000000000
182687;1,000000000000000;0,000000000000000;0,000000000000000
156519;1,000000000000000;0,000000000000000;0,000000000000000
159199;0,000000000000000;1,000000000000000;0,000000000000000
177838;0,000000000000000;0,333333333333333;0,666666666666667
190808;0,000000000000000;0,000000000000000;1,000000000000000
182732;0,000000000000000;0,000000000000000;1,000000000000000
163684;0,000000000000000;0,833333333333333;0,166666666666667
169213;0,000000000000000;1,000000000000000;0,000000000000000
184307;0,000000000000000;1,000000000000000;0,000000000000000
168187;0,000000000000000;0,333333333333333;0,666666666666667
181935;0,000000000000000;1,000000000000000;0,000000000000000
162863;0,000000000000000;1,000000000000000;0,000000000000000
182748;0,000000000000000;1,000000000000000;0,000000000000000
203169;0,000000000000000;0,000000000000000;1,000000000000000
175559;0,000000000000000;0,000000000000000;1,000000000000000
167151;0,000000000000000;1,000000000000000;0,000000000000000
162415;0,000000000000000;1,000000000000000;0,000000000000000
166345;1,000000000000000;0,000000000000000;0,000000000000000
178749;0,000000000000000;1,000000000000000;0,000000000000000
175796;0,000000000000000;1,000000000000000;0,000000000000000
162386;1,000000000000000;0,000000000000000;0,000000000000000
175445;0,000000000000000;0,000000000000000;1,000000000000000
159721;0,000000000000000;0,000000000000000;1,000000000000000
160328;0,000000000000000;0,000000000000000;1,000000000000000
199409;1,000000000000000;0,000000000000000;0,000000000000000
188180;0,000000000000000;1,000000000000000;0,000000000000000
185870;0,000000000000000;1,000000000000000;0,000000000000000
190750;0,000000000000000;1,000000000000000;0,000000000000000
167955;0,000000000000000;1,000000000000000;0,000000000000000
180791;0,000000000000000;1,000000000000000;0,000000000000000
159817;1,000000000000000;0,000000000000000;0,000000000000000
149741;0,000000000000000;0,500000000000000;0,500000000000000
172701;0,000000000000000;1,000000000000000;0,000000000000000
163678;0,000000000000000;0,333333333333333;0,666666666666667
172543;0,000000000000000;1,000000000000000;0,000000000000000
164964;0,000000000000000;0,000000000000000;1,000000000000000
172662;0,000000000000000;1,000000000000000;0,000000000000000
163387;0,000000000000000;1,000000000000000;0,000000000000000
182864;0,000000000000000;1,000000000000000;0,000000000000000
185952;0,000000000000000;0,000000000000000;1,000000000000000
172925;0,000000000000000;0,000000000000000;1,000000000000000
178854;0,000000000000000;1,000000000000000;0,000000000000000
169888;0,500000000000000;0,500000000000000;0,000000000000000
162443;1,000000000000000;0,000000000000000;0,000000000000000
154416;0,375000000000000;0,250000000000000;0,375000000000000
157392;1,000000000000000;0,000000000000000;0,000000000000000
160030;0,500000000000000;0,500000000000000;0,000000000000000
183853;0,000000000000000;0,000000000000000;1,000000000000000
170155;0,000000000000000;0,250000000000000;0,750000000000000
171419;0,000000000000000;1,000000000000000;0,000000000000000
165800;0,000000000000000;0,000000000000000;1,000000000000000
181896;0,000000000000000;0,000000000000000;1,000000000000000
190495;0,000000000000000;0,000000000000000;1,000000000000000
173070;0,000000000000000;0,000000000000000;1,000000000000000
170117;0,500000000000000;0,000000000000000;0,500000000000000
169627;0,000000000000000;1,000000000000000;0,000000000000000
175530;0,000000000000000;1,000000000000000;0,000000000000000
178784;0,000000000000000;1,000000000000000;0,000000000000000
155915;0,333333333333333;0,000000000000000;0,666666666666667
195077;0,000000000000000;1,000000000000000;0,000000000000000
178320;1,000000000000000;0,000000000000000;0,000000000000000
190306;0,500000000000000;0,500000000000000;0,000000000000000
169323;0,000000000000000;1,000000000000000;0,000000000000000
195127;0,000000000000000;1,000000000000000;0,000000000000000
163461;0,000000000000000;1,000000000000000;0,000000000000000
170235;1,000000000000000;0,000000000000000;0,000000000000000
171556;0,000000000000000;0,000000000000000;1,000000000000000
166412;0,000000000000000;0,000000000000000;1,000000000000000
177591;1,000000000000000;0,000000000000000;0,000000000000000
190345;0,000000000000000;0,500000000000000;0,500000000000000
178909;0,000000000000000;1,000000000000000;0,000000000000000
168166;0,000000000000000;1,000000000000000;0,000000000000000
169653;0,000000000000000;1,000000000000000;0,000000000000000
171003;0,000000000000000;1,000000000000000;0,000000000000000
175729;0,000000000000000;1,000000000000000;0,000000000000000
165601;1,000000000000000;0,000000000000000;0,000000000000000
168973;0,000000000000000;0,000000000000000;1,000000000000000
174438;1,000000000000000;0,000000000000000;0,000000000000000
182072;0,000000000000000;1,000000000000000;0,000000000000000
162753;1,000000000000000;0,000000000000000;0,000000000000000
193441;1,000000000000000;0,000000000000000;0,000000000000000
183715;0,500000000000000;0,000000000000000;0,500000000000000
191063;0,000000000000000;0,000000000000000;1,000000000000000
177070;0,000000000000000;0,000000000000000;1,000000000000000
159863;0,000000000000000;0,000000000000000;1,000000000000000
182081;0,000000000000000;1,000000000000000;0,000000000000000
170205;0,000000000000000;0,333333333333333;0,666666666666667
180795;0,000000000000000;0,000000000000000;1,000000000000000
187284;0,666666666666667;0,000000000000000;0,333333333333333
176158;0,000000000000000;0,000000000000000;1,000000000000000
179207;1,000000000000000;0,000000000000000;0,000000000000000
172684;1,000000000000000;0,000000000000000;0,000000000000000
190358;0,000000000000000;1,000000000000000;0,000000000000000
173078;0,000000000000000;0,000000000000000;1,000000000000000
184024;0,000000000000000;0,000000000000000;1,000000000000000
177064;0,000000000000000;0,000000000000000;1,000000000000000
173720;0,000000000000000;1,000000000000000;0,000000000000000
169208;1,000000000000000;0,000000000000000;0,000000000000000
214102;1,000000000000000;0,000000000000000;0,000000000000000
182828;0,000000000000000;0,000000000000000;1,000000000000000
174082;1,000000000000000;0,000000000000000;0,000000000000000
183899;0,000000000000000;0,000000000000000;1,000000000000000
180290;0,666666666666667;0,333333333333333;0,000000000000000
160586;0,000000000000000;1,000000000000000;0,000000000000000
205745;0,000000000000000;1,000000000000000;0,000000000000000
188731;0,000000000000000;1,000000000000000;0,000000000000000
175733;0,000000000000000;0,500000000000000;0,500000000000000
185463;1,000000000000000;0,000000000000000;0,000000000000000
185088;0,000000000000000;1,000000000000000;0,000000000000000
184615;0,000000000000000;1,000000000000000;0,000000000000000
149161;1,000000000000000;0,000000000000000;0,000000000000000
166384;0,000000000000000;0,000000000000000;1,000000000000000
162948;1,000000000000000;0,000000000000000;0,000000000000000
173071;0,000000000000000;0,000000000000000;1,000000000000000
190082;0,500000000000000;0,000000000000000;0,500000000000000
176256;0,000000000000000;0,000000000000000;1,000000000000000
163366;0,000000000000000;0,250000000000000;0,750000000000000
196426;0,000000000000000;1,000000000000000;0,000000000000000
173155;0,000000000000000;0,000000000000000;1,000000000000000
178751;0,000000000000000;1,000000000000000;0,000000000000000
190782;1,000000000000000;0,000000000000000;0,000000000000000
157585;0,000000000000000;1,000000000000000;0,000000000000000
172511;0,000000000000000;1,000000000000000;0,000000000000000
182252;1,000000000000000;0,000000000000000;0,000000000000000
172527;0,000000000000000;1,000000000000000;0,000000000000000
159579;0,000000000000000;0,000000000000000;1,000000000000000
175684;1,000000000000000;0,000000000000000;0,000000000000000
191875;0,000000000000000;1,000000000000000;0,000000000000000
165963;0,000000000000000;0,000000000000000;1,000000000000000
178044;0,000000000000000;1,000000000000000;0,000000000000000
183656;0,000000000000000;1,000000000000000;0,000000000000000
166905;1,000000000000000;0,000000000000000;0,000000000000000
186898;1,000000000000000;0,000000000000000;0,000000000000000
161545;0,000000000000000;0,000000000000000;1,000000000000000
157729;0,000000000000000;0,000000000000000;1,000000000000000
162420;0,000000000000000;1,000000000000000;0,000000000000000
178734;0,000000000000000;1,000000000000000;0,000000000000000
168447;0,000000000000000;0,000000000000000;1,000000000000000
190509;0,500000000000000;0,500000000000000;0,000000000000000
173120;0,000000000000000;0,000000000000000;1,000000000000000
190065;0,500000000000000;0,000000000000000;0,500000000000000
184524;0,000000000000000;1,000000000000000;0,000000000000000
167320;0,000000000000000;1,000000000000000;0,000000000000000
194814;0,000000000000000;1,000000000000000;0,000000000000000
176376;1,000000000000000;0,000000000000000;0,000000000000000
172399;0,500000000000000;0,500000000000000;0,000000000000000
178934;0,500000000000000;0,500000000000000;0,000000000000000
163051;1,000000000000000;0,000000000000000;0,000000000000000
196287;0,000000000000000;0,000000000000000;1,000000000000000
184952;0,000000000000000;1,000000000000000;0,000000000000000
172761;0,500000000000000;0,000000000000000;0,500000000000000
155964;0,000000000000000;0,750000000000000;0,250000000000000
185108;0,000000000000000;0,200000000000000;0,800000000000000
177860;0,000000000000000;0,000000000000000;1,000000000000000
182043;0,000000000000000;1,000000000000000;0,000000000000000
173276;0,000000000000000;0,000000000000000;1,000000000000000
165480;1,000000000000000;0,000000000000000;0,000000000000000
185467;1,000000000000000;0,000000000000000;0,000000000000000
188152;0,000000000000000;1,000000000000000;0,000000000000000
182948;0,000000000000000;0,000000000000000;1,000000000000000
155816;0,000000000000000;1,000000000000000;0,000000000000000
171050;0,000000000000000;0,000000000000000;1,000000000000000
194004;0,250000000000000;0,000000000000000;0,750000000000000
181378;0,000000000000000;0,000000000000000;1,000000000000000
187709;1,000000000000000;0,000000000000000;0,000000000000000
165672;0,000000000000000;1,000000000000000;0,000000000000000
171548;0,000000000000000;0,000000000000000;1,000000000000000
175920;0,000000000000000;1,000000000000000;0,000000000000000
163446;0,000000000000000;0,000000000000000;1,000000000000000
171829;0,000000000000000;0,000000000000000;1,000000000000000
172363;1,000000000000000;0,000000000000000;0,000000000000000
179239;0,000000000000000;0,000000000000000;1,000000000000000
185909;0,000000000000000;0,500000000000000;0,500000000000000
162660;0,000000000000000;1,000000000000000;0,000000000000000
182664;0,000000000000000;1,000000000000000;0,000000000000000
164184;1,000000000000000;0,000000000000000;0,000000000000000
172691;0,000000000000000;1,000000000000000;0,000000000000000
179637;0,000000000000000;0,000000000000000;1,000000000000000
176983;1,000000000000000;0,000000000000000;0,000000000000000
191076;0,000000000000000;0,000000000000000;1,000000000000000
166389;1,000000000000000;0,000000000000000;0,000000000000000
175655;0,000000000000000;0,000000000000000;1,000000000000000
176401;0,000000000000000;0,000000000000000;1,000000000000000
150146;0,000000000000000;1,000000000000000;0,000000000000000
171902;0,500000000000000;0,000000000000000;0,500000000000000
184669;0,000000000000000;0,000000000000000;1,000000000000000
165726;1,000000000000000;0,000000000000000;0,000000000000000
178697;1,000000000000000;0,000000000000000;0,000000000000000
184707;0,000000000000000;0,333333333333333;0,666666666666667
200040;1,000000000000000;0,000000000000000;0,000000000000000
183722;0,000000000000000;0,000000000000000;1,000000000000000
178793;0,000000000000000;1,000000000000000;0,000000000000000
169321;0,000000000000000;1,000000000000000;0,000000000000000
166458;0,333333333333333;0,000000000000000;0,666666666666667
170200;0,000000000000000;0,000000000000000;1,000000000000000
160020;0,000000000000000;1,000000000000000;0,000000000000000
163114;0,000000000000000;1,000000000000000;0,000000000000000
179432;0,000000000000000;0,000000000000000;1,000000000000000
173868;0,000000000000000;0,000000000000000;1,000000000000000
176226;0,000000000000000;0,000000000000000;1,000000000000000
186064;0,000000000000000;1,000000000000000;0,000000000000000
190468;0,000000000000000;1,000000000000000;0,000000000000000
168043;0,000000000000000;1,000000000000000;0,000000000000000
162887;0,000000000000000;0,000000000000000;1,000000000000000
195162;0,000000000000000;1,000000000000000;0,000000000000000
153800;1,000000000000000;0,000000000000000;0,000000000000000
193448;0,000000000000000;1,000000000000000;0,000000000000000
187249;0,500000000000000;0,500000000000000;0,000000000000000
180234;0,000000000000000;0,000000000000000;1,000000000000000
179935;1,000000000000000;0,000000000000000;0,000000000000000
175960;1,000000000000000;0,000000000000000;0,000000000000000
182967;0,000000000000000;1,000000000000000;0,000000000000000
184512;1,000000000000000;0,000000000000000;0,000000000000000
194813;0,000000000000000;0,600000000000000;0,400000000000000
195868;1,000000000000000;0,000000000000000;0,000000000000000
182390;0,000000000000000;0,000000000000000;1,000000000000000
168830;0,000000000000000;0,000000000000000;1,000000000000000
163860;1,000000000000000;0,000000000000000;0,000000000000000
171007;0,000000000000000;0,000000000000000;1,000000000000000
191659;0,000000000000000;0,000000000000000;1,000000000000000
169382;0,000000000000000;0,000000000000000;1,000000000000000
173168;0,000000000000000;0,000000000000000;1,000000000000000
149329;0,000000000000000;1,000000000000000;0,000000000000000
166437;0,000000000000000;0,000000000000000;1,000000000000000
183823;0,000000000000000;0,000000000000000;1,000000000000000
184843;0,000000000000000;1,000000000000000;0,000000000000000
176781;1,000000000000000;0,000000000000000;0,000000000000000
183824;0,000000000000000;0,000000000000000;1,000000000000000
163300;0,000000000000000;0,166666666666667;0,833333333333333
195875;0,000000000000000;1,000000000000000;0,000000000000000
187698;0,000000000000000;0,000000000000000;1,000000000000000
189907;0,000000000000000;1,000000000000000;0,000000000000000
165176;0,000000000000000;0,800000000000000;0,200000000000000
174169;0,000000000000000;0,000000000000000;1,000000000000000
163292;0,000000000000000;1,000000000000000;0,000000000000000
182468;0,000000000000000;0,333333333333333;0,666666666666667
190259;0,000000000000000;0,500000000000000;0,500000000000000
166695;0,000000000000000;0,000000000000000;1,000000000000000
181817;0,000000000000000;1,000000000000000;0,000000000000000
157611;0,000000000000000;1,000000000000000;0,000000000000000
172433;0,666666666666667;0,333333333333333;0,000000000000000
196759;0,000000000000000;1,000000000000000;0,000000000000000
156197;1,000000000000000;0,000000000000000;0,000000000000000
176384;1,000000000000000;0,000000000000000;0,000000000000000
173719;0,666666666666667;0,333333333333333;0,000000000000000
169178;0,000000000000000;1,000000000000000;0,000000000000000
191105;0,000000000000000;1,000000000000000;0,000000000000000
165860;0,000000000000000;0,000000000000000;1,000000000000000
144846;0,000000000000000;0,000000000000000;1,000000000000000
182195;1,000000000000000;0,000000000000000;0,000000000000000
187911;1,000000000000000;0,000000000000000;0,000000000000000
163308;0,000000000000000;0,333333333333333;0,666666666666667
200824;0,750000000000000;0,000000000000000;0,250000000000000
169698;0,000000000000000;1,000000000000000;0,000000000000000
183181;1,000000000000000;0,000000000000000;0,000000000000000
163395;0,000000000000000;0,000000000000000;1,000000000000000
165188;0,000000000000000;0,500000000000000;0,500000000000000
160588;0,000000000000000;1,000000000000000;0,000000000000000
169419;1,000000000000000;0,000000000000000;0,000000000000000
172723;1,000000000000000;0,000000000000000;0,000000000000000
164209;0,000000000000000;1,000000000000000;0,000000000000000
159743;0,000000000000000;0,500000000000000;0,500000000000000
171388;0,000000000000000;0,000000000000000;1,000000000000000
186657;1,000000000000000;0,000000000000000;0,000000000000000
182575;0,000000000000000;0,000000000000000;1,000000000000000
170193;0,000000000000000;0,000000000000000;1,000000000000000
188494;0,000000000000000;1,000000000000000;0,000000000000000
163297;0,000000000000000;0,000000000000000;1,000000000000000
180079;0,000000000000000;1,000000000000000;0,000000000000000
179254;0,000000000000000;0,000000000000000;1,000000000000000
184433;0,000000000000000;0,000000000000000;1,000000000000000
190372;1,000000000000000;0,000000000000000;0,000000000000000
175594;0,000000000000000;1,000000000000000;0,000000000000000
168728;0,400000000000000;0,000000000000000;0,600000000000000
166533;0,000000000000000;0,000000000000000;1,000000000000000
179043;1,000000000000000;0,000000000000000;0,000000000000000
172351;1,000000000000000;0,000000000000000;0,000000000000000
159605;0,500000000000000;0,500000000000000;0,000000000000000
177592;0,500000000000000;0,000000000000000;0,500000000000000
171523;0,000000000000000;0,000000000000000;1,000000000000000
166675;0,000000000000000;0,000000000000000;1,000000000000000
180790;0,000000000000000;0,000000000000000;1,000000000000000
179220;1,000000000000000;0,000000000000000;0,000000000000000
183199;1,000000000000000;0,000000000000000;0,000000000000000
160133;0,000000000000000;1,000000000000000;0,000000000000000
172800;0,000000000000000;1,000000000000000;0,000000000000000
198906;0,000000000000000;0,000000000000000;1,000000000000000
181689;1,000000000000000;0,000000000000000;0,000000000000000
155999;0,000000000000000;1,000000000000000;0,000000000000000
180114;0,000000000000000;1,000000000000000;0,000000000000000
169048;0,000000000000000;1,000000000000000;0,000000000000000
163338;0,000000000000000;0,000000000000000;1,000000000000000
165913;0,000000000000000;1,000000000000000;0,000000000000000
169531;0,000000000000000;0,000000000000000;1,000000000000000
188669;0,000000000000000;1,000000000000000;0,000000000000000
181300;0,000000000000000;0,000000000000000;1,000000000000000
169584;1,000000000000000;0,000000000000000;0,000000000000000
176974;0,000000000000000;0,000000000000000;1,000000000000000
195424;0,000000000000000;1,000000000000000;0,000000000000000
159767;0,000000000000000;0,000000000000000;1,000000000000000
188188;1,000000000000000;0,000000000000000;0,000000000000000
160665;0,000000000000000;1,000000000000000;0,000000000000000
175123;0,000000000000000;0,000000000000000;1,000000000000000
178747;0,000000000000000;1,000000000000000;0,000000000000000
169840;0,000000000000000;1,000000000000000;0,000000000000000
172760;0,000000000000000;1,000000000000000;0,000000000000000
191874;0,000000000000000;0,000000000000000;1,000000000000000
175269;0,000000000000000;0,000000000000000;1,000000000000000
179458;1,000000000000000;0,000000000000000;0,000000000000000
177065;1,000000000000000;0,000000000000000;0,000000000000000
162362;0,000000000000000;1,000000000000000;0,000000000000000
160798;0,000000000000000;0,000000000000000;1,000000000000000
194329;0,000000000000000;0,500000000000000;0,500000000000000
164598;1,000000000000000;0,000000000000000;0,000000000000000
180227;0,000000000000000;0,000000000000000;1,000000000000000
184957;1,000000000000000;0,000000000000000;0,000000000000000
189179;0,000000000000000;0,000000000000000;1,000000000000000
183011;1,000000000000000;0,000000000000000;0,000000000000000
182318;0,000000000000000;0,000000000000000;1,000000000000000
179251;0,000000000000000;0,000000000000000;1,000000000000000
193732;0,333333333333333;0,666666666666667;0,000000000000000
172516;0,000000000000000;1,000000000000000;0,000000000000000
164678;0,500000000000000;0,000000000000000;0,500000000000000
179302;0,500000000000000;0,500000000000000;0,000000000000000
178760;0,000000000000000;1,000000000000000;0,000000000000000
179065;0,000000000000000;0,000000000000000;1,000000000000000
152977;1,000000000000000;0,000000000000000;0,000000000000000
179988;1,000000000000000;0,000000000000000;0,000000000000000
175444;0,000000000000000;0,000000000000000;1,000000000000000
176802;0,000000000000000;0,000000000000000;1,000000000000000
179453;1,000000000000000;0,000000000000000;0,000000000000000
190302;0,000000000000000;1,000000000000000;0,000000000000000
194809;0,000000000000000;0,000000000000000;1,000000000000000
178817;1,000000000000000;0,000000000000000;0,000000000000000
178036;0,000000000000000;1,000000000000000;0,000000000000000
179272;1,000000000000000;0,000000000000000;0,000000000000000
176563;0,000000000000000;1,000000000000000;0,000000000000000
192129;0,000000000000000;1,000000000000000;0,000000000000000
172651;1,000000000000000;0,000000000000000;0,000000000000000
182376;1,000000000000000;0,000000000000000;0,000000000000000
173222;0,000000000000000;0,000000000000000;1,000000000000000
188465;0,000000000000000;1,000000000000000;0,000000000000000
169936;0,000000000000000;0,000000000000000;1,000000000000000
192402;1,000000000000000;0,000000000000000;0,000000000000000
188571;0,000000000000000;1,000000000000000;0,000000000000000
178714;0,000000000000000;1,000000000000000;0,000000000000000
164936;0,666666666666667;0,333333333333333;0,000000000000000
175549;0,000000000000000;0,000000000000000;1,000000000000000
169198;0,000000000000000;0,000000000000000;1,000000000000000
165788;0,000000000000000;1,000000000000000;0,000000000000000
178980;1,000000000000000;0,000000000000000;0,000000000000000
181420;0,000000000000000;1,000000000000000;0,000000000000000
175055;1,000000000000000;0,000000000000000;0,000000000000000
175947;0,000000000000000;1,000000000000000;0,000000000000000
188173;0,000000000000000;1,000000000000000;0,000000000000000
177761;0,000000000000000;1,000000000000000;0,000000000000000
167760;0,000000000000000;0,000000000000000;1,000000000000000
159348;1,000000000000000;0,000000000000000;0,000000000000000
166287;0,000000000000000;1,000000000000000;0,000000000000000
176680;0,000000000000000;1,000000000000000;0,000000000000000
179424;0,000000000000000;0,000000000000000;1,000000000000000
175496;0,000000000000000;1,000000000000000;0,000000000000000
195132;0,000000000000000;1,000000000000000;0,000000000000000
170624;0,000000000000000;0,000000000000000;1,000000000000000
183117;1,000000000000000;0,000000000000000;0,000000000000000
165538;0,000000000000000;1,000000000000000;0,000000000000000
188014;0,000000000000000;1,000000000000000;0,000000000000000
175998;0,000000000000000;1,000000000000000;0,000000000000000
180085;0,000000000000000;0,000000000000000;1,000000000000000
175696;0,000000000000000;1,000000000000000;0,000000000000000
175697;0,000000000000000;1,000000000000000;0,000000000000000
202669;0,000000000000000;0,000000000000000;1,000000000000000
179036;1,000000000000000;0,000000000000000;0,000000000000000
173959;0,000000000000000;0,000000000000000;1,000000000000000
176778;1,000000000000000;0,000000000000000;0,000000000000000
171784;0,000000000000000;0,750000000000000;0,250000000000000
165465;1,000000000000000;0,000000000000000;0,000000000000000
166595;0,000000000000000;0,000000000000000;1,000000000000000
175909;1,000000000000000;0,000000000000000;0,000000000000000
168328;0,000000000000000;1,000000000000000;0,000000000000000
169319;0,000000000000000;1,000000000000000;0,000000000000000
172927;0,000000000000000;1,000000000000000;0,000000000000000
199868;1,000000000000000;0,000000000000000;0,000000000000000
178957;0,000000000000000;1,000000000000000;0,000000000000000
169016;0,000000000000000;1,000000000000000;0,000000000000000
180784;0,000000000000000;0,500000000000000;0,500000000000000
186312;0,000000000000000;1,000000000000000;0,000000000000000
195964;0,000000000000000;1,000000000000000;0,000000000000000
188024;1,000000000000000;0,000000000000000;0,000000000000000
188240;0,000000000000000;0,000000000000000;1,000000000000000
172901;1,000000000000000;0,000000000000000;0,000000000000000
176237;0,000000000000000;0,000000000000000;1,000000000000000
181141;1,000000000000000;0,000000000000000;0,000000000000000
197145;0,000000000000000;1,000000000000000;0,000000000000000
175785;0,000000000000000;1,000000000000000;0,000000000000000
173998;1,000000000000000;0,000000000000000;0,000000000000000
175673;0,000000000000000;1,000000000000000;0,000000000000000
175859;0,000000000000000;1,000000000000000;0,000000000000000
162693;1,000000000000000;0,000000000000000;0,000000000000000
172388;1,000000000000000;0,000000000000000;0,000000000000000
183777;0,000000000000000;0,000000000000000;1,000000000000000
163151;0,000000000000000;1,000000000000000;0,000000000000000
179155;0,000000000000000;1,000000000000000;0,000000000000000
172942;0,000000000000000;0,166666666666667;0,833333333333333
183008;1,000000000000000;0,000000000000000;0,000000000000000
173363;1,000000000000000;0,000000000000000;0,000000000000000
159686;0,000000000000000;0,500000000000000;0,500000000000000
190802;0,000000000000000;0,000000000000000;1,000000000000000
175498;0,000000000000000;1,000000000000000;0,000000000000000
169142;0,000000000000000;1,000000000000000;0,000000000000000
156030;0,000000000000000;0,000000000000000;1,000000000000000
191112;0,000000000000000;1,000000000000000;0,000000000000000
183925;0,000000000000000;0,000000000000000;1,000000000000000
195155;0,000000000000000;1,000000000000000;0,000000000000000
165677;0,000000000000000;1,000000000000000;0,000000000000000
178853;0,000000000000000;0,333333333333333;0,666666666666667
173006;0,000000000000000;0,000000000000000;1,000000000000000
179337;0,000000000000000;0,000000000000000;1,000000000000000
182519;0,000000000000000;0,000000000000000;1,000000000000000
169211;0,000000000000000;0,000000000000000;1,000000000000000
154245;0,000000000000000;1,000000000000000;0,000000000000000
176727;0,500000000000000;0,500000000000000;0,000000000000000
173825;0,000000000000000;0,500000000000000;0,500000000000000
189832;1,000000000000000;0,000000000000000;0,000000000000000
166426;0,000000000000000;0,000000000000000;1,000000000000000
165835;0,000000000000000;0,000000000000000;1,000000000000000
190426;0,000000000000000;1,000000000000000;0,000000000000000
173125;0,000000000000000;0,000000000000000;1,000000000000000
149380;0,000000000000000;1,000000000000000;0,000000000000000
190806;0,000000000000000;1,000000000000000;0,000000000000000
187707;1,000000000000000;0,000000000000000;0,000000000000000
170964;1,000000000000000;0,000000000000000;0,000000000000000
186789;0,000000000000000;0,000000000000000;1,000000000000000
185859;0,000000000000000;0,000000000000000;1,000000000000000
185390;0,000000000000000;0,000000000000000;1,000000000000000
175875;0,500000000000000;0,000000000000000;0,500000000000000
175751;0,000000000000000;1,000000000000000;0,000000000000000
159437;0,500000000000000;0,000000000000000;0,500000000000000
169974;0,000000000000000;0,000000000000000;1,000000000000000
178759;0,000000000000000;1,000000000000000;0,000000000000000
181165;0,000000000000000;1,000000000000000;0,000000000000000
172492;0,000000000000000;1,000000000000000;0,000000000000000
175096;0,000000000000000;0,500000000000000;0,500000000000000
181222;0,000000000000000;1,000000000000000;0,000000000000000
164474;0,000000000000000;0,000000000000000;1,000000000000000
176965;0,000000000000000;0,000000000000000;1,000000000000000
170873;0,000000000000000;0,500000000000000;0,500000000000000
179321;0,000000000000000;0,000000000000000;1,000000000000000
175850;0,000000000000000;0,000000000000000;1,000000000000000
175139;0,000000000000000;0,500000000000000;0,500000000000000
200000;0,000000000000000;1,000000000000000;0,000000000000000
172545;0,000000000000000;1,000000000000000;0,000000000000000
156864;0,000000000000000;1,000000000000000;0,000000000000000
179125;0,000000000000000;0,000000000000000;1,000000000000000
159783;0,000000000000000;0,500000000000000;0,500000000000000
168506;0,000000000000000;0,000000000000000;1,000000000000000
167214;1,000000000000000;0,000000000000000;0,000000000000000
164336;0,000000000000000;1,000000000000000;0,000000000000000
169775;0,000000000000000;1,000000000000000;0,000000000000000
174462;0,000000000000000;0,000000000000000;1,000000000000000
196427;0,000000000000000;0,000000000000000;1,000000000000000
160188;0,000000000000000;0,333333333333333;0,666666666666667
149451;1,000000000000000;0,000000000000000;0,000000000000000
176148;1,000000000000000;0,000000000000000;0,000000000000000
172533;0,000000000000000;1,000000000000000;0,000000000000000
152664;0,000000000000000;0,000000000000000;1,000000000000000
186146;0,000000000000000;1,000000000000000;0,000000000000000
159057;1,000000000000000;0,000000000000000;0,000000000000000
182650;0,000000000000000;1,000000000000000;0,000000000000000
182014;0,000000000000000;1,000000000000000;0,000000000000000
183933;0,000000000000000;0,500000000000000;0,500000000000000
174728;0,000000000000000;0,000000000000000;1,000000000000000
194953;0,000000000000000;1,000000000000000;0,000000000000000
190820;1,000000000000000;0,000000000000000;0,000000000000000
178731;0,000000000000000;1,000000000000000;0,000000000000000
172861;0,000000000000000;0,000000000000000;1,000000000000000
176404;0,000000000000000;0,000000000000000;1,000000000000000
154911;1,000000000000000;0,000000000000000;0,000000000000000
174595;0,000000000000000;1,000000000000000;0,000000000000000
178494;0,000000000000000;1,000000000000000;0,000000000000000
182343;0,000000000000000;0,000000000000000;1,000000000000000
173094;0,000000000000000;0,000000000000000;1,000000000000000
176332;0,000000000000000;0,000000000000000;1,000000000000000
182499;0,000000000000000;0,000000000000000;1,000000000000000
166259;0,000000000000000;0,000000000000000;1,000000000000000
182871;0,000000000000000;0,000000000000000;1,000000000000000
180010;0,000000000000000;0,000000000000000;1,000000000000000
173235;0,666666666666667;0,000000000000000;0,333333333333333
176789;0,000000000000000;1,000000000000000;0,000000000000000
172524;0,000000000000000;1,000000000000000;0,000000000000000
181775;0,000000000000000;0,000000000000000;1,000000000000000
194359;0,000000000000000;1,000000000000000;0,000000000000000
189908;0,000000000000000;1,000000000000000;0,000000000000000
153609;0,000000000000000;1,000000000000000;0,000000000000000
187477;1,000000000000000;0,000000000000000;0,000000000000000
190843;0,000000000000000;1,000000000000000;0,000000000000000
186636;0,500000000000000;0,000000000000000;0,500000000000000
154791;0,000000000000000;0,000000000000000;1,000000000000000
176878;0,000000000000000;1,000000000000000;0,000000000000000
175614;0,000000000000000;0,000000000000000;1,000000000000000
169084;0,000000000000000;1,000000000000000;0,000000000000000
190653;0,500000000000000;0,500000000000000;0,000000000000000
159535;1,000000000000000;0,000000000000000;0,000000000000000
178785;0,000000000000000;1,000000000000000;0,000000000000000
175041;0,000000000000000;1,000000000000000;0,000000000000000
191795;0,000000000000000;1,000000000000000;0,000000000000000
188697;0,000000000000000;1,000000000000000;0,000000000000000
190590;1,000000000000000;0,000000000000000;0,000000000000000
177063;0,000000000000000;1,000000000000000;0,000000000000000
159562;0,000000000000000;1,000000000000000;0,000000000000000
185716;0,000000000000000;1,000000000000000;0,000000000000000
185344;1,000000000000000;0,000000000000000;0,000000000000000
169668;0,000000000000000;0,000000000000000;1,000000000000000
160252;1,000000000000000;0,000000000000000;0,000000000000000
176349;1,000000000000000;0,000000000000000;0,000000000000000
175254;0,000000000000000;0,000000000000000;1,000000000000000
175486;0,000000000000000;1,000000000000000;0,000000000000000
172200;0,000000000000000;0,000000000000000;1,000000000000000
159637;0,000000000000000;0,000000000000000;1,000000000000000
174149;0,500000000000000;0,500000000000000;0,000000000000000
185835;0,000000000000000;1,000000000000000;0,000000000000000
154066;0,000000000000000;1,000000000000000;0,000000000000000
169894;0,000000000000000;1,000000000000000;0,000000000000000
179479;0,000000000000000;0,000000000000000;1,000000000000000
171576;0,000000000000000;0,000000000000000;1,000000000000000
185806;0,000000000000000;1,000000000000000;0,000000000000000
172431;1,000000000000000;0,000000000000000;0,000000000000000
179289;0,000000000000000;0,000000000000000;1,000000000000000
169676;0,000000000000000;1,000000000000000;0,000000000000000
190633;0,000000000000000;1,000000000000000;0,000000000000000
178238;0,000000000000000;1,000000000000000;0,000000000000000
188044;0,000000000000000;0,000000000000000;1,000000000000000
159713;0,000000000000000;1,000000000000000;0,000000000000000
175389;0,000000000000000;1,000000000000000;0,000000000000000
179399;0,000000000000000;0,000000000000000;1,000000000000000
174174;1,000000000000000;0,000000000000000;0,000000000000000
162882;0,000000000000000;1,000000000000000;0,000000000000000
185726;1,000000000000000;0,000000000000000;0,000000000000000
185380;1,000000000000000;0,000000000000000;0,000000000000000
167912;0,000000000000000;0,500000000000000;0,500000000000000
154290;0,000000000000000;1,000000000000000;0,000000000000000
180257;0,000000000000000;0,000000000000000;1,000000000000000
190477;0,000000000000000;1,000000000000000;0,000000000000000
178825;0,000000000000000;1,000000000000000;0,000000000000000
175478;0,000000000000000;0,500000000000000;0,500000000000000
161472;0,000000000000000;0,000000000000000;1,000000000000000
169925;0,000000000000000;0,000000000000000;1,000000000000000
161493;0,000000000000000;0,000000000000000;1,000000000000000
181355;0,000000000000000;0,000000000000000;1,000000000000000
172558;1,000000000000000;0,000000000000000;0,000000000000000
181916;0,000000000000000;1,000000000000000;0,000000000000000
198336;0,666666666666667;0,000000000000000;0,333333333333333
163144;0,000000000000000;0,000000000000000;1,000000000000000
165481;1,000000000000000;0,000000000000000;0,000000000000000
175667;0,000000000000000;0,000000000000000;1,000000000000000
156827;0,500000000000000;0,000000000000000;0,500000000000000
156530;1,000000000000000;0,000000000000000;0,000000000000000
172213;0,000000000000000;1,000000000000000;0,000000000000000
195156;0,000000000000000;1,000000000000000;0,000000000000000
182035;0,000000000000000;1,000000000000000;0,000000000000000
169360;0,000000000000000;1,000000000000000;0,000000000000000
161453;0,000000000000000;0,250000000000000;0,750000000000000
172620;0,000000000000000;1,000000000000000;0,000000000000000
175548;0,000000000000000;0,000000000000000;1,000000000000000
159498;0,000000000000000;0,000000000000000;1,000000000000000
156759;0,000000000000000;0,333333333333333;0,666666666666667
190297;0,000000000000000;1,000000000000000;0,000000000000000
188780;1,000000000000000;0,000000000000000;0,000000000000000
178087;0,000000000000000;0,000000000000000;1,000000000000000
178823;0,000000000000000;1,000000000000000;0,000000000000000
182236;0,000000000000000;1,000000000000000;0,000000000000000
172587;0,000000000000000;1,000000000000000;0,000000000000000
181779;1,000000000000000;0,000000000000000;0,000000000000000
172715;0,000000000000000;1,000000000000000;0,000000000000000
169786;1,000000000000000;0,000000000000000;0,000000000000000
178420;0,000000000000000;1,000000000000000;0,000000000000000
200044;0,000000000000000;1,000000000000000;0,000000000000000
194828;1,000000000000000;0,000000000000000;0,000000000000000
190824;0,000000000000000;0,000000000000000;1,000000000000000
165933;0,000000000000000;1,000000000000000;0,000000000000000
173132;0,000000000000000;0,000000000000000;1,000000000000000
178485;0,000000000000000;1,000000000000000;0,000000000000000
179966;0,000000000000000;1,000000000000000;0,000000000000000
178788;0,000000000000000;1,000000000000000;0,000000000000000
160812;0,000000000000000;0,000000000000000;1,000000000000000
166366;1,000000000000000;0,000000000000000;0,000000000000000
197511;1,000000000000000;0,000000000000000;0,000000000000000
156690;1,000000000000000;0,000000000000000;0,000000000000000
180773;0,000000000000000;0,000000000000000;1,000000000000000
162766;0,000000000000000;0,500000000000000;0,500000000000000
175773;0,000000000000000;0,000000000000000;1,000000000000000
184100;0,000000000000000;1,000000000000000;0,000000000000000
172268;1,000000000000000;0,000000000000000;0,000000000000000
170604;0,000000000000000;0,000000000000000;1,000000000000000
179217;0,000000000000000;0,500000000000000;0,500000000000000
167278;0,000000000000000;1,000000000000000;0,000000000000000
169713;1,000000000000000;0,000000000000000;0,000000000000000
160212;0,000000000000000;0,000000000000000;1,000000000000000
172505;0,000000000000000;1,000000000000000;0,000000000000000
163016;0,000000000000000;1,000000000000000;0,000000000000000
171171;0,000000000000000;1,000000000000000;0,000000000000000
184003;0,000000000000000;0,000000000000000;1,000000000000000
162892;1,000000000000000;0,000000000000000;0,000000000000000
180765;0,000000000000000;1,000000000000000;0,000000000000000
182447;0,000000000000000;1,000000000000000;0,000000000000000
167698;0,000000000000000;0,000000000000000;1,000000000000000
176938;0,000000000000000;1,000000000000000;0,000000000000000
168917;1,000000000000000;0,000000000000000;0,000000000000000
175489;0,000000000000000;1,000000000000000;0,000000000000000
178267;0,000000000000000;1,000000000000000;0,000000000000000
149410;0,500000000000000;0,500000000000000;0,000000000000000
184667;0,000000000000000;0,000000000000000;1,000000000000000
167836;0,000000000000000;0,000000000000000;1,000000000000000
160714;1,000000000000000;0,000000000000000;0,000000000000000
190634;1,000000000000000;0,000000000000000;0,000000000000000
183720;0,000000000000000;1,000000000000000;0,000000000000000
172849;0,000000000000000;1,000000000000000;0,000000000000000
190566;0,000000000000000;0,000000000000000;1,000000000000000
183275;1,000000000000000;0,000000000000000;0,000000000000000
175824;0,000000000000000;1,000000000000000;0,000000000000000
170941;0,000000000000000;1,000000000000000;0,000000000000000
169090;0,000000000000000;1,000000000000000;0,000000000000000
156272;0,500000000000000;0,500000000000000;0,000000000000000
169544;0,000000000000000;0,000000000000000;1,000000000000000
178864;0,000000000000000;1,000000000000000;0,000000000000000
163864;0,000000000000000;1,000000000000000;0,000000000000000
179062;0,000000000000000;1,000000000000000;0,000000000000000
162586;1,000000000000000;0,000000000000000;0,000000000000000
174473;0,000000000000000;1,000000000000000;0,000000000000000
165376;0,000000000000000;1,000000000000000;0,000000000000000
169688;0,000000000000000;1,000000000000000;0,000000000000000
175970;1,000000000000000;0,000000000000000;0,000000000000000
172923;0,000000000000000;1,000000000000000;0,000000000000000
176866;0,000000000000000;1,000000000000000;0,000000000000000
174749;0,000000000000000;0,000000000000000;1,000000000000000
181973;0,000000000000000;1,000000000000000;0,000000000000000
172681;1,000000000000000;0,000000000000000;0,000000000000000
184267;0,000000000000000;1,000000000000000;0,000000000000000
173542;0,000000000000000;0,000000000000000;1,000000000000000
166482;0,000000000000000;0,000000000000000;1,000000000000000
179886;0,000000000000000;1,000000000000000;0,000000000000000
194460;0,000000000000000;1,000000000000000;0,000000000000000
189892;0,000000000000000;0,000000000000000;1,000000000000000
169398;0,000000000000000;1,000000000000000;0,000000000000000
161343;0,000000000000000;1,000000000000000;0,000000000000000
178903;1,000000000000000;0,000000000000000;0,000000000000000
169131;0,000000000000000;1,000000000000000;0,000000000000000
176868;0,000000000000000;1,000000000000000;0,000000000000000
169640;0,000000000000000;1,000000000000000;0,000000000000000
185039;0,000000000000000;1,000000000000000;0,000000000000000
166815;0,000000000000000;0,000000000000000;1,000000000000000
177550;0,000000000000000;1,000000000000000;0,000000000000000
164963;0,000000000000000;1,000000000000000;0,000000000000000
185300;0,000000000000000;0,000000000000000;1,000000000000000
180714;1,000000000000000;0,000000000000000;0,000000000000000
184634;0,000000000000000;1,000000000000000;0,000000000000000
172559;1,000000000000000;0,000000000000000;0,000000000000000
181399;1,000000000000000;0,000000000000000;0,000000000000000
170163;0,000000000000000;0,333333333333333;0,666666666666667
181641;0,000000000000000;0,000000000000000;1,000000000000000
176216;0,000000000000000;0,000000000000000;1,000000000000000
187817;1,000000000000000;0,000000000000000;0,000000000000000
184140;1,000000000000000;0,000000000000000;0,000000000000000
169641;0,000000000000000;1,000000000000000;0,000000000000000
160837;0,000000000000000;0,500000000000000;0,500000000000000
176584;0,000000000000000;1,000000000000000;0,000000000000000
179455;1,000000000000000;0,000000000000000;0,000000000000000
186032;1,000000000000000;0,000000000000000;0,000000000000000
173048;0,000000000000000;0,000000000000000;1,000000000000000
178860;0,000000000000000;1,000000000000000;0,000000000000000
199286;0,000000000000000;0,000000000000000;1,000000000000000
175101;0,000000000000000;1,000000000000000;0,000000000000000
157175;0,000000000000000;1,000000000000000;0,000000000000000
166052;0,000000000000000;0,500000000000000;0,500000000000000
162439;0,000000000000000;1,000000000000000;0,000000000000000
169965;1,000000000000000;0,000000000000000;0,000000000000000
178827;0,000000000000000;0,500000000000000;0,500000000000000
165046;0,000000000000000;1,000000000000000;0,000000000000000
162593;0,000000000000000;1,000000000000000;0,000000000000000
175874;1,000000000000000;0,000000000000000;0,000000000000000
185229;0,000000000000000;0,000000000000000;1,000000000000000
190736;0,000000000000000;1,000000000000000;0,000000000000000
182103;0,000000000000000;1,000000000000000;0,000000000000000
156769;0,000000000000000;0,000000000000000;1,000000000000000
195721;1,000000000000000;0,000000000000000;0,000000000000000
174178;0,000000000000000;0,000000000000000;1,000000000000000
166618;1,000000000000000;0,000000000000000;0,000000000000000
155845;0,000000000000000;1,000000000000000;0,000000000000000
162569;0,000000000000000;1,000000000000000;0,000000000000000
174047;0,000000000000000;1,000000000000000;0,000000000000000
181090;1,000000000000000;0,000000000000000;0,000000000000000
169079;0,000000000000000;1,000000000000000;0,000000000000000
181232;0,000000000000000;1,000000000000000;0,000000000000000
182400;0,000000000000000;1,000000000000000;0,000000000000000
190592;0,000000000000000;1,000000000000000;0,000000000000000
172952;0,000000000000000;0,000000000000000;1,000000000000000
159975;0,000000000000000;1,000000000000000;0,000000000000000
173156;0,000000000000000;0,000000000000000;1,000000000000000
182272;0,000000000000000;0,000000000000000;1,000000000000000
199917;0,000000000000000;1,000000000000000;0,000000000000000
162735;0,000000000000000;0,000000000000000;1,000000000000000
173642;1,000000000000000;0,000000000000000;0,000000000000000
164245;0,000000000000000;0,000000000000000;1,000000000000000
168223;0,000000000000000;1,000000000000000;0,000000000000000
184404;0,000000000000000;1,000000000000000;0,000000000000000
190762;0,000000000000000;1,000000000000000;0,000000000000000
196037;0,000000000000000;1,000000000000000;0,000000000000000
190853;0,000000000000000;1,000000000000000;0,000000000000000
180008;0,000000000000000;1,000000000000000;0,000000000000000
179165;0,000000000000000;0,000000000000000;1,000000000000000
192913;0,000000000000000;1,000000000000000;0,000000000000000
174115;0,000000000000000;1,000000000000000;0,000000000000000
174414;1,000000000000000;0,000000000000000;0,000000000000000
179089;0,000000000000000;0,000000000000000;1,000000000000000
176061;0,000000000000000;0,000000000000000;1,000000000000000
184614;0,000000000000000;1,000000000000000;0,000000000000000
155949;0,000000000000000;0,000000000000000;1,000000000000000
173270;1,000000000000000;0,000000000000000;0,000000000000000
162352;0,000000000000000;1,000000000000000;0,000000000000000
178098;0,000000000000000;1,000000000000000;0,000000000000000
183587;0,000000000000000;1,000000000000000;0,000000000000000
176209;0,000000000000000;0,000000000000000;1,000000000000000
162628;0,000000000000000;1,000000000000000;0,000000000000000
159241;0,000000000000000;1,000000000000000;0,000000000000000
179157;0,000000000000000;1,000000000000000;0,000000000000000
199252;0,000000000000000;0,000000000000000;1,000000000000000
157444;1,000000000000000;0,000000000000000;0,000000000000000
169870;0,000000000000000;1,000000000000000;0,000000000000000
181910;0,000000000000000;0,000000000000000;1,000000000000000
169869;1,000000000000000;0,000000000000000;0,000000000000000
187381;0,500000000000000;0,500000000000000;0,000000000000000
159999;0,000000000000000;0,000000000000000;1,000000000000000
169986;0,000000000000000;1,000000000000000;0,000000000000000
195679;1,000000000000000;0,000000000000000;0,000000000000000
180832;0,000000000000000;0,000000000000000;1,000000000000000
172299;0,000000000000000;1,000000000000000;0,000000000000000
183120;1,000000000000000;0,000000000000000;0,000000000000000
195661;1,000000000000000;0,000000000000000;0,000000000000000
186756;0,000000000000000;1,000000000000000;0,000000000000000
181462;0,000000000000000;0,000000000000000;1,000000000000000
181475;0,000000000000000;0,000000000000000;1,000000000000000
159389;1,000000000000000;0,000000000000000;0,000000000000000
169493;0,000000000000000;0,000000000000000;1,000000000000000
173243;0,000000000000000;0,500000000000000;0,500000000000000
172231;0,000000000000000;1,000000000000000;0,000000000000000
182239;0,000000000000000;1,000000000000000;0,000000000000000
164289;0,000000000000000;0,000000000000000;1,000000000000000
197360;0,000000000000000;1,000000000000000;0,000000000000000
163216;0,000000000000000;0,000000000000000;1,000000000000000
190870;1,000000000000000;0,000000000000000;0,000000000000000
179439;0,000000000000000;0,000000000000000;1,000000000000000
162359;0,000000000000000;1,000000000000000;0,000000000000000
190310;1,000000000000000;0,000000000000000;0,000000000000000
178105;1,000000000000000;0,000000000000000;0,000000000000000
178918;0,000000000000000;1,000000000000000;0,000000000000000
181878;0,000000000000000;0,000000000000000;1,000000000000000
188842;0,000000000000000;0,000000000000000;1,000000000000000
181441;0,000000000000000;1,000000000000000;0,000000000000000
146169;1,000000000000000;0,000000000000000;0,000000000000000
174909;1,000000000000000;0,000000000000000;0,000000000000000
194800;0,000000000000000;1,000000000000000;0,000000000000000
159250;0,000000000000000;0,500000000000000;0,500000000000000
184500;0,000000000000000;1,000000000000000;0,000000000000000
191497;0,000000000000000;1,000000000000000;0,000000000000000
179515;1,000000000000000;0,000000000000000;0,000000000000000
162379;1,000000000000000;0,000000000000000;0,000000000000000
153396;0,000000000000000;0,000000000000000;1,000000000000000
180889;0,000000000000000;0,000000000000000;1,000000000000000
191829;0,000000000000000;0,000000000000000;1,000000000000000
160140;1,000000000000000;0,000000000000000;0,000000000000000
168997;0,000000000000000;1,000000000000000;0,000000000000000
162679;1,000000000000000;0,000000000000000;0,000000000000000
163782;0,000000000000000;1,000000000000000;0,000000000000000
190920;0,000000000000000;0,000000000000000;1,000000000000000
195895;0,000000000000000;0,000000000000000;1,000000000000000
169248;0,000000000000000;1,000000000000000;0,000000000000000
179570;0,000000000000000;0,000000000000000;1,000000000000000
182652;0,000000000000000;1,000000000000000;0,000000000000000
176069;0,000000000000000;0,000000000000000;1,000000000000000
184483;0,000000000000000;1,000000000000000;0,000000000000000
172678;0,000000000000000;1,000000000000000;0,000000000000000
169032;0,000000000000000;1,000000000000000;0,000000000000000
162513;0,000000000000000;1,000000000000000;0,000000000000000
182326;0,000000000000000;0,000000000000000;1,000000000000000
165031;0,000000000000000;0,000000000000000;1,000000000000000
155841;0,000000000000000;1,000000000000000;0,000000000000000
163370;0,000000000000000;1,000000000000000;0,000000000000000
169074;0,000000000000000;1,000000000000000;0,000000000000000
156574;1,000000000000000;0,000000000000000;0,000000000000000
170085;0,000000000000000;0,000000000000000;1,000000000000000
170547;0,000000000000000;1,000000000000000;0,000000000000000
174836;0,000000000000000;0,000000000000000;1,000000000000000
176114;0,000000000000000;0,000000000000000;1,000000000000000
159575;0,000000000000000;1,000000000000000;0,000000000000000
172891;1,000000000000000;0,000000000000000;0,000000000000000
182490;0,000000000000000;0,000000000000000;1,000000000000000
174839;0,000000000000000;1,000000000000000;0,000000000000000
167563;0,000000000000000;1,000000000000000;0,000000000000000
175652;0,000000000000000;1,000000000000000;0,000000000000000
199469;1,000000000000000;0,000000000000000;0,000000000000000
